<node label="ROOT NODE (branch)">
	<node label="Child node 1 (leaf)" />
	<node label="Child node 2 (branch)">
		<node label="Child node 2.1 (leaf)" />
		<node label="Child node 2.2 (leaf)" />
		<node label="Child node 2.3 (branch)">
			<node label="Child node 2.3.1 (leaf)" />
			<node label="Child node 2.3.2 (leaf)" />
		</node>	
		<node label="Child node 2.4 (leaf)" />
	</node>
	<node label="Child node 3 (branch)">
		<node label="Child node 3.1 (leaf)" />	
		<node label="Child node 3.2 (leaf)" />	
		<node label="Child node 3.3 (leaf)" />	
	</node>
	<node label="Child node 4 (leaf)" />
	<node label="Child node 5 (leaf)" />
</node>