<?xml version="1.0"?>
<xleff>
	<stage>
		<form name="MainForm" x="0" y="0">
			<tree x="350" y="100" width="240" height="336" name="tree01" vScrollPolicy="auto">
				<node label="ROOT NODE (branch)" open="true">
					<node label="Child node 1 (leaf)" />
					<node label="Child node 2 (branch)">
						<node label="Child node 2.1 (leaf)" />
						<node label="Child node 2.2 (leaf)" />
						<node label="Child node 2.3 (branch)">
							<node label="Child node 2.3.1 (leaf)" />
							<node label="Child node 2.3.2 (leaf)" />
						</node>	
						<node label="Child node 2.4 (leaf)" />
					</node>
					<node label="Child node 3 (branch)">
						<node label="Child node 3.1 (leaf)" />	
						<node label="Child node 3.2 (leaf)" />	
						<node label="Child node 3.3 (leaf)" />	
					</node>
					<node label="Child node 4 (leaf)" />
					<node label="Child node 5 (leaf)" />
				</node>			
			</tree>
		</form>	 
	</stage>
</xleff>
