<node label="Root node 1" />
<node label="Root node 2">
	<node label="Child node 2.1" />
	<node label="Child node 2.2">
		<node label="Child node 2.2.1" />
		<node label="Child node 2.2.2" />
	</node>
	<node label="Child node 2.3">
		<node label="Child node 2.3.1" />
		<node label="Child node 2.3.2" />
	</node>
	<node label="Child node 2.4" />
</node>
<node label="Root node 3">
	<node label="Child node 3.1" />	
	<node label="Child node 3.2" />	
	<node label="Child node 3.3" />	
</node>
<node label="Root node 4" />
<node label="Root node 5" />
