<?xml version="1.0"?>
<xleff>
	<color name="xleffThemeColor" rgb="0xDDDDFF" />
	<color name="xleffTextColor" rgb="0x000099" />
	<color name="xleffDisabledColor" rgb="0xDDDDDD" />

	<style name="xleffNormal">
		<property name="themeColor">
			<value>xleffThemeColor</value>
		</property>
		<property name="color">
			<value>xleffTextColor</value>
		</property>
		<property name="fontFamily">
			<value>_sans</value>
		</property>
		<property name="fontSize">
			<value type="Number">12</value>
		</property>
	</style>

	<style name="xleffTitle">
		<property name="themeColor">
			<value>xleffThemeColor</value>
		</property>
		<property name="color">
			<value>xleffTextColor</value>
		</property>
		<property name="fontFamily">
			<value>_sans</value>
		</property>
		<property name="fontSize">
			<value type="Number">12</value>
		</property>
	</style>

	<style name="xleffText">
		<property name="themeColor">
			<value>xleffThemeColor</value>
		</property>
		<property name="color">
			<value>xleffTextColor</value>
		</property>
		<property name="fontFamily">
			<value>_sans</value>
		</property>
		<property name="fontSize">
			<value type="Number">12</value>
		</property>
	</style>

	<style name="AccordionHeader">
		<property name="themeColor">
			<value>xleffThemeColor</value>
		</property>
		<property name="color">
			<value>xleffTextColor</value>
		</property>
		<property name="fontFamily">
			<value>_sans</value>
		</property>
		<property name="fontSize">
			<value type="Number">12</value>
		</property>
		<property name="displacement">
			<value type="Number">5</value>
		</property>
		<property name="falseStartColor">
			<value type="Number">0xDADADA</value>
		</property>
		<property name="falseEndColor">
			<value type="Number">0xFFFFFF</value>
		</property>
		<property name="trueStartColor">
			<value type="Number">0xDDDDFF</value>
		</property>
		<property name="trueEndColor">
			<value type="Number">0xF2F2FF</value>
		</property>
		<property name="falseBorderColor">
			<value type="Number">0x8a938a</value>
		</property>
		<property name="falseBorderColor2">
			<value type="Number">0xc8cccc</value>
		</property>
	</style>

	<style name="Accordion">
		<property name="headerHeight">
			<value type="Number">20</value>
		</property>
		<property name="backgroundColor">
			<value type="Number">0xDDDDFF</value>
		</property>
	</style>

	<stage>
		<form name="MainForm" styleName="xleffNormal" x="0" y="0">
			<menubar name="MainMenuBar" styleName="xleffTitle" x="0" y="10" width="891">
				<menu label="XLEFF - An XML Layout Engine For Flash" name="MainMenu">
					<menuitem label="1 - What Is XLEFF" instanceName="MenuWhatIs" />
					<menuitem label="2 - How It works" instanceName="MenuHowItWorks" />
					<menuitem label="3 - The Features" instanceName="MenuFeatures" />
					<menuitem label="4 - The XML Schema" instanceName="MenuSchema" />
					<menuitem label="5 - Event Handling" instanceName="MenuEventHandling" />
					<menuitem label="6 - The Sampler" instanceName="MenuTheSampler" />
					<menuitem label="7 - About The Author" instanceName="MenuTheAuthor" />
					<menuitem label="8 - Legal Notice" instanceName="MenuLegalNotice" />
				</menu>			
			</menubar>
			<accordion name="MainAccordion" x="20" y="45" width="850" height="460">
				<form name="Form1" x="0" y="0" label="  What Is XLEFF">
					<textarea name="WhatIsTextArea" styleName="xleffText" x="10" y="10" width="825" height="284">
						<marginLeft>10</marginLeft>
						<marginRight>10</marginRight>
						<editable>false</editable>
						<selectable>false</selectable>
						<html>false</html>
						<vScrollPolicy>auto</vScrollPolicy>
						<hScrollPolicy>auto</hScrollPolicy>
						<wordWrap>true</wordWrap>
						<externalContent>content/content01.xml</externalContent>
					</textarea>
				</form>
				<form name="Form2" x="0" y="0" label="  How It Works">
					<textarea name="HowItWorksTextArea" styleName="xleffText"  x="10" y="10" width="825" height="284">
						<marginLeft>10</marginLeft>
						<marginRight>10</marginRight>
						<editable>false</editable>
						<selectable>false</selectable>
						<html>false</html>
						<vScrollPolicy>auto</vScrollPolicy>
						<hScrollPolicy>auto</hScrollPolicy>
						<wordWrap>true</wordWrap>
						<externalContent>content/content02.xml</externalContent>
					</textarea>
				</form>
				<form name="Form3" x="0" y="0" label="  The Features">
					<textarea name="FeaturesTextArea" styleName="xleffText" x="10" y="10" width="825" height="284">
						<marginLeft>10</marginLeft>
						<marginRight>10</marginRight>
						<editable>false</editable>
						<selectable>false</selectable>
						<html>false</html>
						<vScrollPolicy>auto</vScrollPolicy>
						<hScrollPolicy>auto</hScrollPolicy>
						<wordWrap>true</wordWrap>
						<externalContent>content/content03.xml</externalContent>
					</textarea>
				</form>
				<form name="Form4" x="0" y="0" label="  The XML Schema">
					<textarea name="XMLSchemaTextArea" styleName="xleffText" x="10" y="10" width="825" height="284">
						<marginLeft>10</marginLeft>
						<marginRight>10</marginRight>
						<editable>false</editable>
						<selectable>false</selectable>
						<html>false</html>
						<vScrollPolicy>auto</vScrollPolicy>
						<hScrollPolicy>auto</hScrollPolicy>
						<wordWrap>true</wordWrap>
						<externalContent>content/content04.xml</externalContent>
					</textarea>
				</form>
				<form name="Form5" x="0" y="0" label="  Event Handling">
					<textarea name="EventHandlingTextArea" styleName="xleffText" x="10" y="10" width="825" height="284">
						<marginLeft>10</marginLeft>
						<marginRight>10</marginRight>
						<editable>false</editable>
						<selectable>false</selectable>
						<html>false</html>
						<vScrollPolicy>auto</vScrollPolicy>
						<hScrollPolicy>auto</hScrollPolicy>
						<wordWrap>true</wordWrap>
						<externalContent>content/content05.xml</externalContent>
					</textarea>
				</form>
				<form name="Form6" x="0" y="0" label="  The Sampler">
					<textarea name="SamplerTextArea" styleName="xleffText" x="10" y="10" width="825" height="284">
						<marginLeft>10</marginLeft>
						<marginRight>10</marginRight>
						<editable>false</editable>
						<selectable>false</selectable>
						<html>false</html>
						<vScrollPolicy>auto</vScrollPolicy>
						<hScrollPolicy>auto</hScrollPolicy>
						<wordWrap>true</wordWrap>
						<externalContent>content/content06.xml</externalContent>
					</textarea>
				</form>
				<form name="Form7" x="0" y="0" label="  About The Author">
					<textarea name="AuthorTextArea" styleName="xleffText" x="10" y="10" width="825" height="284">
						<marginLeft>10</marginLeft>
						<marginRight>10</marginRight>
						<editable>false</editable>
						<selectable>false</selectable>
						<html>false</html>
						<vScrollPolicy>auto</vScrollPolicy>
						<hScrollPolicy>auto</hScrollPolicy>
						<wordWrap>true</wordWrap>
						<externalContent>content/content07.xml</externalContent>
					</textarea>
				</form>
				<form name="Form8" x="0" y="0" label="  Legal Notice">
					<textarea name="LegalNoticeTextArea" styleName="xleffText" x="10" y="10" width="825" height="284">
						<marginLeft>10</marginLeft>
						<marginRight>10</marginRight>
						<editable>false</editable>
						<selectable>false</selectable>
						<html>false</html>
						<vScrollPolicy>auto</vScrollPolicy>
						<hScrollPolicy>auto</hScrollPolicy>
						<wordWrap>true</wordWrap>
						<externalContent>content/content08.xml</externalContent>
					</textarea>
				</form>
			</accordion>
			<button name="PrevButton" styleName="xleffNormal" x="520" y="519" width="160" label="Previous Section" />
			<button name="NextButton" styleName="xleffNormal" x="704" y="519" width="160" label="Next Section" />
		</form>	 
	</stage>
</xleff>
