<?xml version="1.0"?>
<xleff>
	<color name="xleffThemeColor" rgb="0xDDDDFF" />
	<color name="xleffTextColor" rgb="0x000099" />
	<style name="xleffNormal">
		<property name="themeColor">
			<value>xleffThemeColor</value>
		</property>
		<property name="color">
			<value>xleffTextColor</value>
		</property>
		<property name="fontFamily">
			<value>_sans</value>
		</property>
		<property name="fontSize">
			<value type="Number">12</value>
		</property>
	</style>
	<style name="xleffForm">
		<property name="backgroundColor">
			<value>0xa2a2c4</value>
		</property>
	</style>
	<style name="Label">
		<property name="color">
			<value type="Number">0xFFFFFF</value>
		</property>
		<property name="fontFamily">
			<value>_sans</value>
		</property>
		<property name="fontWeight">
			<value>bold</value>
		</property>
		<property name="fontSize">
			<value type="Number">12</value>
		</property>
	</style>
	<stage>
		<form name="DefaultForm" x="25" y="25" width="840" height="200" transparentBackground="false" styleName="xleffForm">
			<label name="label1" x="20" y="27" autoSize="left" text="First Name" />
			<textinput name="FirstName" styleName="xleffNormal" x="89" y="27" width="300" height="22" />
			<label name="label2" x="447" y="27" autoSize="left" text="Last Name" />
			<textinput name="LastName" styleName="xleffNormal" x="517" y="27" width="300" height="22" />
			<label name="label3" x="20" y="70" autoSize="left" text="Notes" />
			<textarea name="Notes" styleName="xleffNormal" x="20" y="92" width="800" height="60" />
			<button name="SaveButton" styleName="xleffNormal" x="607" y="162" width="100" height="22" label="Save" />
			<button name="AdvancedButton" styleName="xleffNormal" x="717" y="162" width="100" height="22" label="Advanced >" />
		</form>	 
		<form name="AdvancedForm" x="25" y="245" width="840" height="280" transparentBackground="false" styleName="xleffForm">
			<label name="label3" x="20" y="23" autoSize="left" text="Advanced Notes" />
			<textarea name="AdvancedNotes" styleName="xleffNormal" x="20" y="45" width="800" height="220" />
		</form>	 
	</stage>
</xleff>
