<?xml version="1.0"?>
<xleff>
	<stage>
		<form name="MainForm" x="0" y="0">
			<list x="550" y="200" width="200" height="200" name="list1">
				<item label="Red">
					<value type="Number">0xFF0000</value>
				</item>
				<item label="Green">
					<value type="Number">0x00FF00</value>
				</item>
				<item label="Blue">
					<value type="Number">0x0000FF</value>
				</item>
				<item label="Black">
					<value type="Number">0x000000</value>
				</item>
			</list>
			<combobox x="550" y="168" width="200" height="22" name="combobox1">
				<item label="Red">
					<value type="Number">0xFF0000</value>
				</item>
				<item label="Green">
					<value type="Number">0x00FF00</value>
				</item>
				<item label="Blue">
					<value type="Number">0x0000FF</value>
				</item>
				<item label="Black">
					<value type="Number">0x000000</value>
				</item>
			</combobox>
			<datagrid name="datagrid1" x="125" y="200" width="400" height="200">
				<column name="ColorName" label="Color Name" width="190" />
				<column name="ColorValue" label="Color Value" width="193" />
				<row>
					<value>Red</value>
					<value type="Number">0xFF0000</value>
				</row>
				<row>
					<value>Green</value>
					<value type="Number">0x00FF00</value>
				</row>
				<row>
					<value>Blue</value>
					<value type="Number">0x0000FF</value>
				</row>
				<row>
					<value>Black</value>
					<value type="Number">0x000000</value>
				</row>
			</datagrid>
		</form>	 
	</stage>
</xleff>
