<?xml version="1.0"?>
<xleff>
	<stage>
		<form name="MainForm" x="0" y="0">
			<menubar x="0" y="0" width="890" name="menubar1">
				<menu label="Menu 1">
					<menuitem label="Item 1.1" instanceName="menuItem1_1" />
					<menuitem label="Item 1.2" instanceName="menuItem1_2" />
					<menuitem label="Item 1.3" instanceName="menuItem1_3" />
					<menuitem label="Item 1.4" instanceName="menuItem1_4" enabled="false" />
					<menuitem type="separator" />
					<menuitem label="Item 1.5" instanceName="menuItem1_5" icon="icon1" />
					<menuitem label="Item 1.6" instanceName="menuItem1_6" icon="icon2" />
					<menuitem label="Item 1.7" instanceName="menuItem1_7" icon="icon3" />
				</menu>
				<menu label="Menu 2">
					<menuitem label="Item 2.1" instanceName="menuItem2_1" type="radio" groupName="groupA" selected="true" />
					<menuitem label="Item 2.2" instanceName="menuItem2_2" type="radio" groupName="groupA" />
					<menuitem label="Item 2.3" instanceName="menuItem2_3" type="radio" groupName="groupA" />
					<menuitem type="separator" />
					<menuitem label="Item 2.4" instanceName="menuItem2_4">
						<menuitem label="Item 2.4.1" instanceName="menuItem2_4_1" type="check" selected="true" />
						<menuitem label="Item 2.4.2" instanceName="menuItem2_4_2" type="check" selected="true" />
						<menuitem label="Item 2.4.3" instanceName="menuItem2_4_3" type="check" selected="true" />
					</menuitem>
					<menuitem type="separator" />
					<menuitem label="Item 2.5" instanceName="menuItem2_5" type="radio" groupName="groupB" />
					<menuitem label="Item 2.6" instanceName="menuItem2_6" type="radio" groupName="groupB" selected="true" />
					<menuitem label="Item 2.7" instanceName="menuItem2_7" type="radio" groupName="groupB" />
				</menu>
			</menubar>
		</form>	 
	</stage>
</xleff>
