﻿<menu>
	<menuitem label="Item 1.1" instanceName="menuItem1_1" type="radio" groupName="groupA" selected="true" />
	<menuitem label="Item 1.2" instanceName="menuItem1_2" type="radio" groupName="groupA" />
	<menuitem label="Item 1.3" instanceName="menuItem1_3" type="radio" groupName="groupA" />
	<menuitem type="separator" />
	<menuitem label="Item 1.4" instanceName="menuItem1_4">
		<menuitem label="Item 1.4.1" instanceName="menuItem1_4_1" type="check" selected="true" />
		<menuitem label="Item 1.4.2" instanceName="menuItem1_4_2" type="check" selected="true" />
		<menuitem label="Item 1.4.3" instanceName="menuItem1_4_3" type="check" selected="true" />
	</menuitem>
	<menuitem type="separator" />
	<menuitem label="Item 1.5" instanceName="menuItem1_5" type="radio" groupName="groupB" />
	<menuitem label="Item 1.6" instanceName="menuItem1_6" type="radio" groupName="groupB" selected="true" />
	<menuitem label="Item 1.7" instanceName="menuItem1_7" type="radio" groupName="groupB" />
</menu>
