<node label="ROOT NODE" isOpen="true">
	<node label="Child node 1" isBranch="true" isOpen="true" />
	<node label="Child node 2" isOpen="true">
		<node label="Child node 2.1" isBranch="true" isOpen="true" />
		<node label="Child node 2.2" />
		<node label="Child node 2.3" isOpen="true">
			<node label="Child node 2.3.1" />
			<node label="Child node 2.3.2" />
		</node>	
		<node label="Child node 2.4" />
	</node>
	<node label="Child node 3" isOpen="true">
		<node label="Child node 3.1" />	
		<node label="Child node 3.2" />	
		<node label="Child node 3.3" />	
	</node>
	<node label="Child node 4" />
	<node label="Child node 5" isBranch="true" isOpen="true" />
</node>