<?xml version="1.0"?>
<xleff>
	<color name="xleffThemeColor" rgb="0xDDDDFF" />
	<color name="xleffTextColor" rgb="0x000099" />
	<color name="xleffDisabledColor" rgb="0xDDDDDD" />

	<style name="xleffNormal">
		<property name="themeColor">
			<value>xleffThemeColor</value>
		</property>
		<property name="color">
			<value>xleffTextColor</value>
		</property>
		<property name="fontFamily">
			<value>_sans</value>
		</property>
		<property name="fontSize">
			<value type="Number">12</value>
		</property>
	</style>

	<style name="xleffTitle">
		<property name="themeColor">
			<value>xleffThemeColor</value>
		</property>
		<property name="color">
			<value>xleffTextColor</value>
		</property>
		<property name="fontFamily">
			<value>_sans</value>
		</property>
		<property name="fontSize">
			<value type="Number">12</value>
		</property>
	</style>

	<style name="xleffText">
		<property name="themeColor">
			<value>xleffThemeColor</value>
		</property>
		<property name="color">
			<value>xleffTextColor</value>
		</property>
		<property name="fontFamily">
			<value>_sans</value>
		</property>
		<property name="fontSize">
			<value type="Number">12</value>
		</property>
	</style>

	<style name="AccordionHeader">
		<property name="themeColor">
			<value>xleffThemeColor</value>
		</property>
		<property name="color">
			<value>xleffTextColor</value>
		</property>
		<property name="fontFamily">
			<value>_sans</value>
		</property>
		<property name="fontSize">
			<value type="Number">12</value>
		</property>
		<property name="displacement">
			<value type="Number">5</value>
		</property>
		<property name="falseStartColor">
			<value type="Number">0xDADADA</value>
		</property>
		<property name="falseEndColor">
			<value type="Number">0xFFFFFF</value>
		</property>
		<property name="trueStartColor">
			<value type="Number">0xDDDDFF</value>
		</property>
		<property name="trueEndColor">
			<value type="Number">0xF2F2FF</value>
		</property>
		<property name="falseBorderColor">
			<value type="Number">0x8a938a</value>
		</property>
		<property name="falseBorderColor2">
			<value type="Number">0xc8cccc</value>
		</property>
	</style>

	<style name="Accordion">
		<property name="headerHeight">
			<value type="Number">20</value>
		</property>
		<property name="backgroundColor">
			<value type="Number">0xDDDDFF</value>
		</property>
	</style>

	<stage>
		<form name="MainForm" styleName="xleffNormal" x="0" y="0">
			<menubar name="MainMenuBar" styleName="xleffTitle" x="0" y="10" width="891">
				<menu label="XLEFF - Un Motore Per La Creazione Di Interfacce Dinamiche Via XML" name="MainMenu">
					<menuitem label="1 - XLEFF: Di Cosa Si Tratta" instanceName="MenuWhatIs" />
					<menuitem label="2 - Come Funziona" instanceName="MenuHowItWorks" />
					<menuitem label="3 - Le Caratteristiche" instanceName="MenuFeatures" />
					<menuitem label="4 - Lo Schema XML" instanceName="MenuSchema" />
					<menuitem label="5 - La Gestione Eventi" instanceName="MenuEventHandling" />
					<menuitem label="6 - Il Generatore Di Esempi" instanceName="MenuTheSampler" />
					<menuitem label="7 - Informazioni Sull'Autore" instanceName="MenuTheAuthor" />
					<menuitem label="8 - Nota Legale" instanceName="MenuLegalNotice" />
				</menu>			
			</menubar>
			<accordion name="MainAccordion" x="20" y="45" width="850" height="460">
				<form name="Form1" x="0" y="0" label="  XLEFF: Di Cosa Si Tratta">
					<textarea name="WhatIsTextArea" styleName="xleffText" x="10" y="10" width="825" height="284">
						<marginLeft>10</marginLeft>
						<marginRight>10</marginRight>
						<editable>false</editable>
						<selectable>false</selectable>
						<html>false</html>
						<vScrollPolicy>auto</vScrollPolicy>
						<hScrollPolicy>auto</hScrollPolicy>
						<wordWrap>true</wordWrap>
						<externalContent>content/content01_ita.xml</externalContent>
					</textarea>
				</form>
				<form name="Form2" x="0" y="0" label="  Come Funziona">
					<textarea name="HowItWorksTextArea" styleName="xleffText"  x="10" y="10" width="825" height="284">
						<marginLeft>10</marginLeft>
						<marginRight>10</marginRight>
						<editable>false</editable>
						<selectable>false</selectable>
						<html>false</html>
						<vScrollPolicy>auto</vScrollPolicy>
						<hScrollPolicy>auto</hScrollPolicy>
						<wordWrap>true</wordWrap>
						<externalContent>content/content02_ita.xml</externalContent>
					</textarea>
				</form>
				<form name="Form3" x="0" y="0" label="  Le Caratteristiche">
					<textarea name="FeaturesTextArea" styleName="xleffText" x="10" y="10" width="825" height="284">
						<marginLeft>10</marginLeft>
						<marginRight>10</marginRight>
						<editable>false</editable>
						<selectable>false</selectable>
						<html>false</html>
						<vScrollPolicy>auto</vScrollPolicy>
						<hScrollPolicy>auto</hScrollPolicy>
						<wordWrap>true</wordWrap>
						<externalContent>content/content03_ita.xml</externalContent>
					</textarea>
				</form>
				<form name="Form4" x="0" y="0" label="  Lo Schema XML">
					<textarea name="XMLSchemaTextArea" styleName="xleffText" x="10" y="10" width="825" height="284">
						<marginLeft>10</marginLeft>
						<marginRight>10</marginRight>
						<editable>false</editable>
						<selectable>false</selectable>
						<html>false</html>
						<vScrollPolicy>auto</vScrollPolicy>
						<hScrollPolicy>auto</hScrollPolicy>
						<wordWrap>true</wordWrap>
						<externalContent>content/content04_ita.xml</externalContent>
					</textarea>
				</form>
				<form name="Form5" x="0" y="0" label="  La Gestione Eventi">
					<textarea name="EventHandlingTextArea" styleName="xleffText" x="10" y="10" width="825" height="284">
						<marginLeft>10</marginLeft>
						<marginRight>10</marginRight>
						<editable>false</editable>
						<selectable>false</selectable>
						<html>false</html>
						<vScrollPolicy>auto</vScrollPolicy>
						<hScrollPolicy>auto</hScrollPolicy>
						<wordWrap>true</wordWrap>
						<externalContent>content/content05_ita.xml</externalContent>
					</textarea>
				</form>
				<form name="Form6" x="0" y="0" label="  Il Generatore Di Esempi">
					<textarea name="SamplerTextArea" styleName="xleffText" x="10" y="10" width="825" height="284">
						<marginLeft>10</marginLeft>
						<marginRight>10</marginRight>
						<editable>false</editable>
						<selectable>false</selectable>
						<html>false</html>
						<vScrollPolicy>auto</vScrollPolicy>
						<hScrollPolicy>auto</hScrollPolicy>
						<wordWrap>true</wordWrap>
						<externalContent>content/content06_ita.xml</externalContent>
					</textarea>
				</form>
				<form name="Form7" x="0" y="0" label="  Informazioni Sull'Autore">
					<textarea name="AuthorTextArea" styleName="xleffText" x="10" y="10" width="825" height="284">
						<marginLeft>10</marginLeft>
						<marginRight>10</marginRight>
						<editable>false</editable>
						<selectable>false</selectable>
						<html>false</html>
						<vScrollPolicy>auto</vScrollPolicy>
						<hScrollPolicy>auto</hScrollPolicy>
						<wordWrap>true</wordWrap>
						<externalContent>content/content07_ita.xml</externalContent>
					</textarea>
				</form>
				<form name="Form8" x="0" y="0" label="  Nota Legale">
					<textarea name="LegalNoticeTextArea" styleName="xleffText" x="10" y="10" width="825" height="284">
						<marginLeft>10</marginLeft>
						<marginRight>10</marginRight>
						<editable>false</editable>
						<selectable>false</selectable>
						<html>false</html>
						<vScrollPolicy>auto</vScrollPolicy>
						<hScrollPolicy>auto</hScrollPolicy>
						<wordWrap>true</wordWrap>
						<externalContent>content/content08_ita.xml</externalContent>
					</textarea>
				</form>
			</accordion>
			<button name="PrevButton" styleName="xleffNormal" x="520" y="519" width="160" label="Sezione Precedente" />
			<button name="NextButton" styleName="xleffNormal" x="704" y="519" width="160" label="Sezione Successiva" />
		</form>	 
	</stage>
</xleff>
