<?xml version="1.0"?>
<xleff>
	<stage>
		<form name="MainForm" x="0" y="0">
			<checkbox name="checkbox1" label="CheckBox" x="350" y="200" />
			<checkbox name="checkbox2" label="CheckBox" x="350" y="250" />
			<checkbox name="checkbox3" label="CheckBox" x="350" y="300" />
			<radiobutton name="radiobutton1" label="RadioButton" group="radioGroup" x="450" y="200" />
			<radiobutton name="radiobutton2" label="RadioButton" group="radioGroup" x="450" y="250" />
			<radiobutton name="radiobutton3" label="RadioButton" group="radioGroup" x="450" y="300" />
		</form>	 
	</stage>
</xleff>
